               epoch,      train/box_loss,      train/obj_loss,      train/cls_loss,   metrics/precision,      metrics/recall,     metrics/mAP_0.5,metrics/mAP_0.5:0.95,        val/box_loss,        val/obj_loss,        val/cls_loss,               x/lr0,               x/lr1,               x/lr2
                   0,             0.10554,            0.042812,            0.057242,          0.00097943,             0.10992,          0.00077101,          0.00022009,             0.10136,             0.03625,            0.055606,              0.0766,              0.0026,              0.0026
                   1,             0.10454,            0.042091,            0.056969,          0.00030149,            0.087987,          0.00025474,          8.6861e-05,             0.10131,            0.036273,            0.055556,            0.052283,           0.0052825,           0.0052825
                   2,             0.10472,            0.041556,            0.057065,           0.0004178,            0.097222,           0.0003979,           0.0001069,             0.10124,            0.036189,            0.055535,            0.027947,           0.0079472,           0.0079472
                   3,             0.10435,            0.042373,             0.05679,           0.0011215,             0.19518,           0.0012241,          0.00035938,              0.1043,            0.036275,            0.057703,            0.009901,            0.009901,            0.009901
                   4,             0.10311,            0.042322,            0.056466,           0.0015039,             0.27109,           0.0022435,          0.00094907,                 nan,                 nan,             0.14251,            0.009901,            0.009901,            0.009901
                   5,             0.10125,             0.04175,            0.055548,            0.014286,            0.010714,           0.0034371,           0.0012023,                 nan,                 nan,             0.65049,            0.009868,            0.009868,            0.009868
                   6,            0.099893,            0.040817,            0.054665,           0.0028924,             0.14508,           0.0022483,          0.00055561,                 nan,                 nan,             0.72221,            0.009835,            0.009835,            0.009835
                   7,            0.097938,            0.039119,            0.052983,           0.0023447,             0.11605,            0.001571,          0.00043184,                 nan,                 nan,             0.23096,            0.009802,            0.009802,            0.009802
                   8,            0.097774,            0.038436,            0.050808,           0.0008502,            0.069625,          0.00068518,          0.00016161,                 nan,                 nan,             0.11678,            0.009769,            0.009769,            0.009769
                   9,            0.098301,            0.037955,            0.048966,           0.0029572,             0.11934,            0.002386,          0.00068312,                 nan,                 nan,            0.065073,            0.009736,            0.009736,            0.009736
                  10,            0.097335,            0.039836,            0.047047,          0.00078312,             0.09899,          0.00083928,          0.00020664,             0.10277,            0.031258,            0.052683,            0.009703,            0.009703,            0.009703
                  11,            0.096318,            0.038076,            0.045504,           0.0014978,             0.13613,           0.0060879,           0.0013188,             0.10043,            0.031752,            0.048777,             0.00967,             0.00967,             0.00967
                  12,            0.097096,            0.036759,            0.043388,            0.001247,             0.13142,            0.015038,            0.004762,             0.09841,            0.032842,            0.045523,            0.009637,            0.009637,            0.009637
                  13,            0.096694,            0.039211,            0.042981,          0.00094015,            0.091955,          0.00071425,          0.00018279,            0.098568,            0.033226,            0.043572,            0.009604,            0.009604,            0.009604
                  14,            0.095994,            0.038434,            0.041316,           0.0034086,             0.14242,           0.0023597,          0.00055765,            0.098354,            0.033564,            0.042401,            0.009571,            0.009571,            0.009571
                  15,            0.095685,            0.038038,             0.04071,          0.00054123,            0.090873,          0.00049272,          0.00010196,             0.09849,            0.033974,            0.041315,            0.009538,            0.009538,            0.009538
                  16,            0.095087,             0.03822,            0.039839,          0.00082442,             0.10119,          0.00058222,          0.00013538,            0.098449,            0.034192,            0.040628,            0.009505,            0.009505,            0.009505
                  17,            0.094919,            0.039079,            0.038948,           0.0010355,            0.088889,          0.00069276,          0.00022413,            0.099115,            0.033958,             0.04056,            0.009472,            0.009472,            0.009472
                  18,            0.094573,            0.037812,            0.038539,           0.0084107,             0.15267,            0.029788,           0.0080993,            0.097193,            0.034559,            0.039399,            0.009439,            0.009439,            0.009439
                  19,            0.094165,            0.037988,            0.037446,           0.0018168,             0.26623,           0.0055101,           0.0010986,              0.0964,            0.033961,            0.038025,            0.009406,            0.009406,            0.009406
                  20,            0.093767,            0.039213,            0.037256,          0.00028215,            0.066955,          0.00019132,           5.686e-05,             0.11232,            0.029929,            0.061299,            0.009373,            0.009373,            0.009373
                  21,             0.09287,            0.038352,             0.03687,           0.0037157,             0.22381,            0.004401,           0.0010544,            0.094231,            0.035378,            0.036677,             0.00934,             0.00934,             0.00934
                  22,            0.091524,            0.040117,            0.036858,           0.0042067,             0.23442,           0.0052855,           0.0011243,            0.093685,            0.035451,            0.037142,            0.009307,            0.009307,            0.009307
                  23,            0.089807,            0.040011,            0.035717,              0.4374,            0.029942,            0.025215,           0.0066883,            0.090234,            0.036423,            0.033687,            0.009274,            0.009274,            0.009274
                  24,            0.088171,            0.039859,            0.035116,           0.0036645,             0.33254,            0.023997,           0.0099654,            0.094647,            0.035367,            0.039794,            0.009241,            0.009241,            0.009241
                  25,            0.087623,            0.039603,            0.034123,           0.0010668,            0.041667,          0.00065427,          0.00028116,             0.10676,            0.040904,            0.059487,            0.009208,            0.009208,            0.009208
                  26,            0.086958,            0.039868,            0.034184,             0.74738,             0.02381,            0.039583,            0.018418,            0.085498,            0.038663,            0.033665,            0.009175,            0.009175,            0.009175
                  27,            0.084859,            0.039491,            0.033248,             0.14484,             0.23431,           0.0027863,           0.0011413,              0.1012,            0.050957,            0.052274,            0.009142,            0.009142,            0.009142
                  28,            0.085173,             0.04075,            0.033126,          0.00016435,            0.035714,          0.00025263,          0.00010531,             0.10515,            0.039062,            0.073775,            0.009109,            0.009109,            0.009109
                  29,             0.08368,             0.04258,             0.03204,             0.47114,             0.14765,            0.060525,             0.01426,            0.088083,            0.038002,             0.03304,            0.009076,            0.009076,            0.009076
                  30,            0.081781,             0.04125,            0.031998,           0.0018589,            0.081241,           0.0021091,          0.00059099,             0.11605,             0.03921,            0.077086,            0.009043,            0.009043,            0.009043
                  31,            0.082534,            0.041434,            0.030507,           0.0043895,               0.175,           0.0042705,          0.00093827,             0.10353,            0.047068,            0.057913,             0.00901,             0.00901,             0.00901
                  32,            0.079732,            0.041304,            0.031207,            0.001107,              0.1877,           0.0019109,          0.00049978,             0.10553,            0.060293,            0.049148,            0.008977,            0.008977,            0.008977
                  33,            0.078922,            0.042535,             0.03002,           0.0032147,             0.25317,           0.0060348,           0.0018704,             0.10209,            0.060509,            0.056799,            0.008944,            0.008944,            0.008944
                  34,            0.077088,            0.039238,            0.028835,             0.29098,            0.052545,           0.0045484,          0.00063691,             0.10222,            0.066378,            0.066373,            0.008911,            0.008911,            0.008911
                  35,            0.076994,            0.041114,            0.028814,           0.0007894,             0.11147,          0.00068231,          0.00027166,             0.10387,             0.13503,            0.078585,            0.008878,            0.008878,            0.008878
                  36,            0.076154,            0.039444,            0.028277,             0.57333,            0.071429,           0.0045781,           0.0014586,             0.10251,            0.085688,            0.054214,            0.008845,            0.008845,            0.008845
                  37,            0.073982,            0.039757,            0.027607,             0.80504,            0.060606,            0.075011,            0.031139,             0.08773,            0.043053,            0.033995,            0.008812,            0.008812,            0.008812
                  38,            0.073398,            0.041494,            0.028183,             0.61673,             0.14589,             0.19314,            0.058424,            0.075312,            0.039818,            0.024999,            0.008779,            0.008779,            0.008779
                  39,            0.072374,            0.039768,            0.026677,             0.57198,            0.083333,           0.0033979,           0.0017794,             0.10127,             0.05706,            0.061171,            0.008746,            0.008746,            0.008746
                  40,            0.071621,            0.039612,            0.026459,             0.33795,             0.20779,             0.18271,            0.068355,            0.072109,            0.040538,            0.024713,            0.008713,            0.008713,            0.008713
                  41,            0.070187,            0.041165,            0.025918,             0.32043,             0.16813,             0.19785,            0.075509,            0.074751,            0.041865,            0.026523,             0.00868,             0.00868,             0.00868
                  42,            0.069096,            0.040948,            0.025593,             0.62872,            0.029365,            0.026347,           0.0054725,            0.093398,             0.03566,            0.042269,            0.008647,            0.008647,            0.008647
                  43,            0.068213,            0.041429,            0.024973,             0.33696,             0.27584,             0.20399,            0.096376,            0.071325,            0.040357,            0.023936,            0.008614,            0.008614,            0.008614
                  44,            0.068788,            0.041868,            0.024802,             0.25717,            0.078626,            0.026312,            0.010895,            0.094888,            0.041585,            0.048678,            0.008581,            0.008581,            0.008581
                  45,            0.068168,            0.041039,            0.024554,             0.30356,              0.1741,             0.19192,            0.061841,            0.071192,            0.039747,            0.026455,            0.008548,            0.008548,            0.008548
                  46,            0.066887,            0.038364,            0.023831,             0.51055,             0.20574,             0.21017,            0.081136,            0.073466,            0.038839,            0.023709,            0.008515,            0.008515,            0.008515
                  47,            0.065437,            0.039254,            0.023962,             0.35616,             0.36108,             0.25103,             0.11786,            0.067649,            0.040413,            0.022115,            0.008482,            0.008482,            0.008482
                  48,            0.065722,            0.039016,            0.023799,             0.74349,            0.025974,            0.020231,           0.0078525,            0.096878,            0.035736,            0.044366,            0.008449,            0.008449,            0.008449
                  49,            0.064838,            0.039745,            0.023403,             0.43271,             0.32684,             0.26194,             0.09227,            0.068922,            0.039769,            0.023335,            0.008416,            0.008416,            0.008416
                  50,            0.063699,            0.039112,            0.023257,             0.64309,             0.18315,             0.20103,            0.086472,            0.077779,            0.040906,             0.02673,            0.008383,            0.008383,            0.008383
                  51,            0.063964,            0.039353,             0.02221,             0.47556,             0.35752,             0.33624,              0.1437,            0.066189,            0.039764,            0.021717,             0.00835,             0.00835,             0.00835
                  52,            0.063736,            0.039238,            0.022002,             0.48791,             0.30376,             0.33621,             0.15209,            0.065428,            0.039914,            0.022344,            0.008317,            0.008317,            0.008317
                  53,            0.063279,            0.037281,            0.021864,             0.73482,              0.2397,             0.28976,             0.11872,            0.069383,            0.040016,            0.022908,            0.008284,            0.008284,            0.008284
                  54,            0.062457,             0.03894,            0.020952,             0.46611,             0.35572,             0.34943,             0.13646,            0.065034,            0.039703,            0.023259,            0.008251,            0.008251,            0.008251
                  55,            0.061422,            0.039372,            0.021008,              0.4541,             0.35879,             0.34511,             0.15883,            0.064222,            0.039884,            0.020926,            0.008218,            0.008218,            0.008218
                  56,             0.06178,            0.039056,            0.020507,             0.40254,             0.34742,             0.31904,             0.12913,            0.067057,            0.039642,            0.022262,            0.008185,            0.008185,            0.008185
                  57,            0.061846,            0.038929,             0.02026,               0.483,             0.35441,              0.3621,             0.15902,            0.063289,            0.038452,             0.02243,            0.008152,            0.008152,            0.008152
                  58,            0.060735,            0.037818,             0.02101,             0.48036,             0.40303,              0.3309,             0.14422,            0.061863,             0.03963,            0.023352,            0.008119,            0.008119,            0.008119
                  59,            0.059946,            0.039199,              0.0212,             0.66375,             0.18766,             0.20668,            0.097499,             0.08156,            0.043388,            0.031846,            0.008086,            0.008086,            0.008086
                  60,             0.05933,            0.037118,            0.020209,             0.65806,             0.36493,             0.42174,             0.18671,            0.062767,            0.037855,            0.019985,            0.008053,            0.008053,            0.008053
                  61,            0.059834,            0.038494,            0.019626,             0.48688,             0.33818,              0.3624,              0.1393,            0.063823,            0.040352,            0.020122,             0.00802,             0.00802,             0.00802
                  62,             0.05792,            0.037795,            0.020093,             0.46125,             0.35694,             0.34603,             0.14707,            0.064832,            0.038343,            0.022492,            0.007987,            0.007987,            0.007987
                  63,            0.057231,            0.039944,            0.019731,             0.67417,             0.21483,             0.21031,            0.089557,            0.079005,            0.039777,             0.03228,            0.007954,            0.007954,            0.007954
                  64,            0.057511,            0.037353,            0.019518,             0.48639,               0.388,             0.35466,             0.16412,            0.062187,             0.03922,            0.021181,            0.007921,            0.007921,            0.007921
                  65,            0.057729,            0.037912,            0.020152,             0.47038,             0.37012,             0.31833,             0.15348,            0.067542,            0.038719,            0.023755,            0.007888,            0.007888,            0.007888
                  66,            0.058366,            0.036869,            0.019546,             0.49412,             0.27644,              0.2952,             0.12782,            0.067238,            0.039869,            0.026576,            0.007855,            0.007855,            0.007855
                  67,            0.056708,            0.038359,            0.018409,              0.5562,             0.41304,             0.40412,             0.19476,            0.058671,            0.037567,            0.021377,            0.007822,            0.007822,            0.007822
                  68,            0.056027,            0.037839,            0.018096,             0.60233,             0.33039,             0.38323,             0.17263,            0.061313,            0.040019,            0.023486,            0.007789,            0.007789,            0.007789
                  69,            0.056813,            0.037906,            0.017635,             0.53507,             0.39209,             0.39211,             0.17914,            0.062227,             0.03845,            0.021538,            0.007756,            0.007756,            0.007756
                  70,            0.056115,            0.036603,             0.01795,             0.61197,             0.43665,             0.43466,             0.21606,            0.058818,            0.038287,            0.020476,            0.007723,            0.007723,            0.007723
                  71,            0.056136,             0.03675,             0.01806,             0.56172,             0.40151,             0.39734,             0.19549,            0.058796,            0.038656,            0.023909,             0.00769,             0.00769,             0.00769
                  72,            0.055561,            0.036308,            0.017447,             0.52129,             0.45363,              0.4078,              0.1899,            0.058253,             0.03818,             0.01858,            0.007657,            0.007657,            0.007657
                  73,            0.054988,            0.036614,            0.018329,             0.60791,             0.34377,             0.37366,             0.16726,            0.064948,            0.040075,            0.023686,            0.007624,            0.007624,            0.007624
                  74,            0.054408,            0.037198,             0.01738,             0.48322,             0.35075,             0.36793,             0.16537,             0.06208,            0.040866,            0.022032,            0.007591,            0.007591,            0.007591
                  75,            0.054067,            0.038055,             0.01622,             0.54093,             0.43307,             0.41888,             0.19358,            0.060342,            0.037893,            0.020529,            0.007558,            0.007558,            0.007558
                  76,            0.054563,             0.03746,            0.017557,             0.62407,              0.3462,              0.3416,             0.14638,             0.06365,            0.039037,            0.021421,            0.007525,            0.007525,            0.007525
                  77,            0.053423,            0.037552,            0.017508,             0.67338,             0.40358,             0.43751,             0.21599,            0.058536,            0.037412,             0.02196,            0.007492,            0.007492,            0.007492
                  78,            0.053228,            0.036583,            0.016663,             0.65486,             0.30667,             0.37411,             0.18055,            0.061707,            0.039892,            0.019862,            0.007459,            0.007459,            0.007459
                  79,            0.053463,            0.035119,            0.015989,              0.6953,             0.36685,             0.46601,             0.20176,            0.058725,            0.038584,            0.018901,            0.007426,            0.007426,            0.007426
                  80,            0.053855,            0.036479,            0.016484,             0.55202,             0.41309,             0.41279,             0.19878,            0.058474,            0.039146,            0.018839,            0.007393,            0.007393,            0.007393
                  81,            0.053873,            0.036184,            0.016315,             0.57307,             0.40844,             0.40685,             0.19823,            0.058749,            0.037257,            0.022423,             0.00736,             0.00736,             0.00736
                  82,            0.052195,            0.036325,             0.01614,             0.66515,              0.4472,             0.43765,             0.19825,            0.055578,            0.038719,            0.020217,            0.007327,            0.007327,            0.007327
                  83,            0.051605,            0.036335,            0.015507,             0.60558,             0.45719,             0.45868,             0.20271,            0.056738,            0.038442,            0.021262,            0.007294,            0.007294,            0.007294
                  84,            0.052089,            0.037536,            0.015709,             0.67891,             0.41236,             0.46846,             0.20696,            0.055162,            0.037867,            0.020955,            0.007261,            0.007261,            0.007261
                  85,            0.050967,            0.036056,            0.015866,             0.64026,             0.39718,             0.43067,             0.22253,             0.05857,            0.037979,            0.024314,            0.007228,            0.007228,            0.007228
                  86,            0.051264,            0.036223,             0.01575,             0.62571,             0.42199,              0.4506,             0.21545,            0.056399,            0.037504,            0.020102,            0.007195,            0.007195,            0.007195
                  87,            0.050923,            0.036619,             0.01492,             0.61937,             0.42759,             0.41734,             0.18393,            0.061678,             0.03908,            0.023161,            0.007162,            0.007162,            0.007162
                  88,            0.051405,            0.034843,            0.014909,             0.77418,              0.3154,             0.35887,             0.16196,            0.067704,            0.040332,            0.023477,            0.007129,            0.007129,            0.007129
                  89,             0.05151,            0.036265,            0.015157,             0.61449,             0.46937,             0.46937,             0.20795,            0.055728,            0.036764,            0.020632,            0.007096,            0.007096,            0.007096
                  90,            0.050082,             0.03685,            0.014671,             0.53867,              0.4407,             0.42194,              0.2202,            0.055701,            0.038104,            0.021929,            0.007063,            0.007063,            0.007063
                  91,            0.049958,            0.037838,            0.014963,             0.72032,             0.40414,             0.44772,             0.21292,            0.058322,            0.037844,            0.025656,             0.00703,             0.00703,             0.00703
                  92,            0.050809,            0.035837,            0.015105,             0.58518,             0.44973,             0.43558,             0.19698,            0.057419,            0.038531,             0.02188,            0.006997,            0.006997,            0.006997
                  93,             0.05004,            0.035698,              0.0142,             0.68804,             0.44144,             0.48639,              0.2105,            0.055255,            0.035965,            0.018623,            0.006964,            0.006964,            0.006964
                  94,             0.04985,            0.035913,            0.014464,             0.69468,             0.44813,             0.50492,             0.24198,            0.056018,            0.037369,            0.021847,            0.006931,            0.006931,            0.006931
                  95,            0.049329,            0.034684,            0.013874,             0.56787,             0.42233,             0.43034,             0.21501,            0.056265,            0.038699,            0.020085,            0.006898,            0.006898,            0.006898
                  96,            0.048909,            0.035607,            0.013977,             0.29574,             0.33554,             0.31723,             0.17107,            0.067367,            0.042109,            0.023223,            0.006865,            0.006865,            0.006865
                  97,            0.049502,             0.03433,            0.013936,             0.59393,             0.44408,             0.43401,             0.23193,            0.058054,             0.03713,            0.022627,            0.006832,            0.006832,            0.006832
                  98,            0.049276,            0.036938,            0.013559,             0.66771,             0.43898,             0.45648,             0.24551,            0.056033,            0.036031,            0.020855,            0.006799,            0.006799,            0.006799
                  99,            0.048677,            0.035064,            0.013207,             0.35277,             0.47099,              0.3991,              0.2066,            0.060235,            0.040024,             0.02258,            0.006766,            0.006766,            0.006766
                 100,            0.048282,            0.035738,            0.013822,             0.68588,             0.42431,             0.46171,             0.22492,            0.055602,            0.037354,            0.022761,            0.006733,            0.006733,            0.006733
                 101,             0.04843,            0.036626,            0.013406,             0.65872,             0.41595,             0.45686,             0.24114,            0.055387,            0.038088,            0.018161,              0.0067,              0.0067,              0.0067
                 102,             0.04811,            0.034804,            0.012864,             0.61148,             0.44295,               0.451,             0.22252,            0.054756,            0.038989,            0.017139,            0.006667,            0.006667,            0.006667
                 103,            0.047747,            0.035273,            0.012407,             0.60219,             0.43257,             0.45671,             0.20104,            0.054834,            0.036853,            0.016868,            0.006634,            0.006634,            0.006634
                 104,            0.047323,            0.034443,            0.013205,             0.64239,             0.44838,             0.46134,             0.24607,            0.054498,            0.038312,            0.019985,            0.006601,            0.006601,            0.006601
                 105,            0.047969,             0.03508,             0.01277,             0.62728,              0.4671,             0.48853,             0.25852,            0.052907,            0.037158,            0.020651,            0.006568,            0.006568,            0.006568
                 106,            0.047501,            0.034794,            0.012898,              0.6708,             0.45964,             0.48679,             0.25823,            0.055877,            0.037102,            0.018181,            0.006535,            0.006535,            0.006535
                 107,            0.047145,            0.034233,            0.012884,             0.62269,             0.45126,             0.44789,             0.22318,            0.054084,            0.036672,            0.017998,            0.006502,            0.006502,            0.006502
                 108,            0.046151,            0.034777,            0.011882,             0.65901,             0.45422,             0.50343,             0.22819,            0.053618,            0.037587,            0.021519,            0.006469,            0.006469,            0.006469
                 109,            0.047185,            0.033845,            0.012218,             0.58503,             0.42872,             0.41802,             0.22905,            0.057873,            0.040387,            0.021869,            0.006436,            0.006436,            0.006436
                 110,            0.046694,            0.035061,            0.012363,             0.63196,             0.36975,             0.43776,             0.22476,            0.059121,            0.038106,            0.019693,            0.006403,            0.006403,            0.006403
                 111,            0.046113,            0.032553,            0.011249,             0.56612,             0.42588,             0.43846,              0.2516,            0.055638,            0.039772,            0.022288,             0.00637,             0.00637,             0.00637
                 112,            0.045994,            0.035401,            0.012107,             0.66763,             0.42355,              0.4583,             0.22576,            0.054995,            0.038203,            0.019295,            0.006337,            0.006337,            0.006337
                 113,            0.046722,            0.034788,            0.012298,             0.69928,             0.46143,             0.47517,             0.23392,            0.055314,            0.038124,            0.019746,            0.006304,            0.006304,            0.006304
                 114,            0.045465,            0.033791,            0.011911,             0.65577,             0.42128,             0.45592,             0.24712,            0.054037,            0.039202,            0.022594,            0.006271,            0.006271,            0.006271
                 115,            0.045154,            0.034692,            0.011784,               0.642,             0.47508,             0.46875,             0.22868,            0.052938,             0.03772,            0.019978,            0.006238,            0.006238,            0.006238
                 116,            0.045666,            0.033742,            0.012138,             0.62419,             0.43221,             0.46018,             0.24621,            0.053163,            0.037542,            0.019895,            0.006205,            0.006205,            0.006205
                 117,            0.045046,            0.034329,            0.011855,              0.6936,             0.42739,              0.5049,             0.25395,            0.052132,            0.036891,            0.017632,            0.006172,            0.006172,            0.006172
                 118,            0.045091,            0.032565,            0.010888,             0.66458,             0.45316,             0.49239,             0.26504,            0.051598,            0.037333,            0.017649,            0.006139,            0.006139,            0.006139
                 119,            0.046521,            0.034406,            0.011471,             0.68159,             0.47052,             0.48296,             0.26915,            0.052584,            0.037804,            0.021643,            0.006106,            0.006106,            0.006106
                 120,            0.044258,             0.03382,            0.012018,              0.6802,             0.45701,             0.52289,             0.27074,            0.052887,            0.037071,            0.017998,            0.006073,            0.006073,            0.006073
                 121,            0.044237,            0.033357,            0.011129,             0.57141,             0.45789,             0.49069,             0.23682,            0.052271,            0.039281,            0.019813,             0.00604,             0.00604,             0.00604
                 122,            0.043305,            0.032461,            0.011067,             0.69619,             0.42485,             0.47863,             0.24844,             0.05271,            0.037524,            0.017999,            0.006007,            0.006007,            0.006007
                 123,            0.044012,            0.032661,            0.011417,             0.66583,             0.38886,             0.40276,             0.20576,            0.059194,            0.038307,            0.020133,            0.005974,            0.005974,            0.005974
                 124,            0.043844,            0.032119,            0.011013,             0.71148,             0.46097,             0.49826,             0.27488,            0.052234,            0.037285,            0.018572,            0.005941,            0.005941,            0.005941
                 125,            0.043781,             0.03371,            0.010745,             0.60622,              0.4585,             0.49329,             0.25189,            0.053629,            0.036964,            0.017897,            0.005908,            0.005908,            0.005908
                 126,            0.042902,            0.032315,            0.011463,             0.70361,             0.44791,              0.4829,             0.21656,            0.053173,            0.037638,            0.020677,            0.005875,            0.005875,            0.005875
                 127,            0.043424,            0.032895,            0.010842,             0.71463,             0.46499,             0.50635,               0.282,            0.051547,             0.03702,            0.018496,            0.005842,            0.005842,            0.005842
                 128,            0.043754,            0.033518,            0.011692,             0.70389,             0.42878,             0.48711,             0.27052,            0.051632,            0.037071,            0.017026,            0.005809,            0.005809,            0.005809
                 129,            0.043481,            0.031497,            0.011361,             0.64224,             0.46412,              0.4964,             0.26145,            0.052295,            0.037928,            0.018402,            0.005776,            0.005776,            0.005776
                 130,            0.042156,            0.033109,            0.011103,             0.55159,             0.47025,             0.48392,             0.25876,            0.054952,            0.037926,            0.020744,            0.005743,            0.005743,            0.005743
                 131,            0.042488,            0.034202,           0.0097115,              0.6745,             0.43286,             0.46453,             0.24587,            0.053209,            0.037847,            0.022257,             0.00571,             0.00571,             0.00571
                 132,             0.04206,            0.031709,            0.010182,             0.67882,              0.4715,             0.48098,             0.25719,            0.051917,            0.038457,            0.019992,            0.005677,            0.005677,            0.005677
                 133,            0.042773,            0.031261,            0.010576,              0.5747,             0.45591,             0.45033,               0.218,            0.053726,            0.038788,            0.019412,            0.005644,            0.005644,            0.005644
                 134,            0.042108,            0.031048,           0.0097452,             0.41859,             0.48508,             0.46737,              0.2296,            0.054186,            0.038892,            0.021296,            0.005611,            0.005611,            0.005611
                 135,            0.041744,            0.031227,           0.0095931,             0.65414,              0.4033,             0.44563,             0.23955,            0.053261,            0.039251,            0.018893,            0.005578,            0.005578,            0.005578
                 136,            0.041562,            0.032565,           0.0094603,             0.44209,              0.4942,             0.46496,             0.24143,            0.054091,            0.040176,            0.019745,            0.005545,            0.005545,            0.005545
                 137,            0.041844,            0.031205,              0.0103,              0.5436,             0.54899,             0.55671,             0.28322,            0.051493,            0.038534,            0.017798,            0.005512,            0.005512,            0.005512
                 138,            0.040859,            0.031126,           0.0096273,             0.66595,             0.44269,             0.51102,             0.26553,            0.052464,            0.038862,            0.018892,            0.005479,            0.005479,            0.005479
                 139,            0.040601,            0.032149,           0.0097431,              0.6878,             0.49095,             0.50711,             0.26292,            0.049998,            0.037885,            0.018457,            0.005446,            0.005446,            0.005446
                 140,            0.041202,             0.03174,           0.0099377,             0.58843,             0.43649,              0.4522,             0.24105,            0.053261,            0.039213,            0.017157,            0.005413,            0.005413,            0.005413
                 141,             0.04121,            0.031367,           0.0097516,             0.69379,             0.44435,             0.48457,             0.27104,             0.05372,            0.037679,            0.019601,             0.00538,             0.00538,             0.00538
                 142,             0.04071,            0.030716,           0.0089937,              0.6759,             0.48728,             0.53035,             0.25314,            0.052377,            0.037008,            0.018154,            0.005347,            0.005347,            0.005347
                 143,            0.040447,            0.031083,           0.0094854,             0.68697,             0.46187,             0.47988,             0.25727,            0.052146,            0.037313,            0.017414,            0.005314,            0.005314,            0.005314
                 144,            0.039947,            0.031545,           0.0091391,             0.72024,             0.42594,             0.52731,             0.27532,            0.052322,            0.039062,            0.020475,            0.005281,            0.005281,            0.005281
                 145,            0.040825,            0.030321,            0.010341,               0.704,             0.44508,             0.49664,             0.27381,            0.052428,            0.037989,            0.018609,            0.005248,            0.005248,            0.005248
                 146,             0.04032,            0.031165,            0.008867,             0.74989,             0.44058,             0.51719,             0.29461,            0.051034,            0.036741,            0.018514,            0.005215,            0.005215,            0.005215
                 147,            0.039545,             0.03002,           0.0087746,             0.72051,             0.45178,             0.49449,             0.26078,            0.052592,            0.036891,            0.018919,            0.005182,            0.005182,            0.005182
                 148,            0.039923,            0.030906,           0.0099072,             0.69722,             0.42877,             0.51139,              0.2635,            0.053567,            0.037605,            0.018204,            0.005149,            0.005149,            0.005149
                 149,            0.039199,            0.030877,           0.0081354,             0.65602,             0.42522,             0.51868,              0.2623,            0.051722,            0.039764,            0.018409,            0.005116,            0.005116,            0.005116
                 150,            0.039858,            0.030353,           0.0088394,             0.43374,             0.58999,             0.53076,             0.25704,            0.052136,            0.038516,            0.018044,            0.005083,            0.005083,            0.005083
                 151,            0.039532,            0.030922,           0.0080922,             0.70556,             0.46388,              0.5417,             0.26911,            0.050507,            0.038595,            0.016566,             0.00505,             0.00505,             0.00505
                 152,            0.039522,            0.029388,           0.0094409,               0.487,             0.58484,             0.57173,             0.29171,            0.050486,            0.038195,            0.017838,            0.005017,            0.005017,            0.005017
                 153,            0.039033,            0.029592,           0.0090731,              0.4777,             0.58431,             0.53327,             0.27275,            0.051267,             0.03875,            0.017185,            0.004984,            0.004984,            0.004984
                 154,             0.03926,            0.030918,           0.0086355,             0.48668,             0.56576,             0.52696,             0.25267,            0.052638,            0.039314,              0.0161,            0.004951,            0.004951,            0.004951
                 155,            0.038839,            0.030602,           0.0091166,             0.42928,              0.5687,             0.51605,             0.26206,            0.052981,            0.038844,            0.019101,            0.004918,            0.004918,            0.004918
                 156,            0.038653,            0.029009,           0.0091083,             0.70401,             0.45708,             0.49751,             0.27191,            0.052339,            0.038643,             0.01841,            0.004885,            0.004885,            0.004885
                 157,             0.03837,            0.028871,           0.0080211,             0.68046,             0.46805,             0.50899,             0.25864,            0.051796,            0.039464,            0.019101,            0.004852,            0.004852,            0.004852
                 158,            0.038905,             0.02934,             0.00819,             0.68969,             0.48387,             0.53906,             0.27628,            0.053132,            0.037997,            0.022347,            0.004819,            0.004819,            0.004819
                 159,            0.039123,            0.030604,           0.0090137,             0.73507,             0.40982,             0.47577,             0.28508,            0.053585,            0.037732,            0.025145,            0.004786,            0.004786,            0.004786
                 160,            0.038671,            0.029534,           0.0087868,             0.72226,             0.46178,             0.53357,             0.27604,            0.051661,            0.037931,            0.021425,            0.004753,            0.004753,            0.004753
                 161,            0.038417,            0.030053,            0.008763,             0.67056,             0.47705,              0.5039,              0.2804,            0.051345,            0.038177,            0.019898,             0.00472,             0.00472,             0.00472
                 162,            0.038118,             0.02984,           0.0079828,             0.71378,             0.48511,             0.52926,             0.29602,            0.050755,            0.038175,            0.020841,            0.004687,            0.004687,            0.004687
                 163,             0.03756,             0.02864,           0.0082148,             0.67355,             0.46652,             0.48901,             0.25811,            0.054047,            0.039032,            0.019036,            0.004654,            0.004654,            0.004654
                 164,            0.037473,             0.02818,           0.0075735,             0.57454,             0.49474,             0.46949,              0.2519,            0.052901,            0.038661,             0.02075,            0.004621,            0.004621,            0.004621
                 165,            0.038267,            0.028688,           0.0089015,             0.59613,              0.4503,             0.46102,             0.24065,            0.053789,            0.039861,            0.019983,            0.004588,            0.004588,            0.004588
                 166,            0.037951,            0.028144,           0.0086323,             0.50444,             0.53625,             0.54447,             0.30498,            0.051498,            0.038002,            0.019798,            0.004555,            0.004555,            0.004555
                 167,            0.037624,            0.029931,           0.0079395,             0.52844,             0.57778,             0.53368,             0.27852,            0.053618,            0.040171,            0.021211,            0.004522,            0.004522,            0.004522
                 168,            0.037732,            0.028609,           0.0079217,             0.67181,             0.50575,             0.54914,             0.28681,            0.049928,            0.037565,            0.016212,            0.004489,            0.004489,            0.004489
                 169,            0.037081,             0.02896,           0.0074441,             0.65384,             0.51708,             0.54196,             0.28756,            0.050035,            0.037895,            0.017215,            0.004456,            0.004456,            0.004456
                 170,            0.036281,            0.029222,           0.0078326,             0.69895,             0.47121,             0.48911,             0.26098,            0.053058,            0.039525,            0.016902,            0.004423,            0.004423,            0.004423
                 171,            0.036877,            0.029051,           0.0074882,             0.60151,             0.51145,             0.48393,             0.27505,            0.051501,            0.038666,            0.017418,             0.00439,             0.00439,             0.00439
                 172,            0.036786,            0.028729,           0.0078002,             0.65828,             0.49816,             0.50251,              0.2678,            0.051686,            0.039223,            0.018457,            0.004357,            0.004357,            0.004357
                 173,            0.036732,            0.028719,           0.0075534,              0.6597,             0.47178,              0.5151,             0.25423,            0.054317,            0.039035,            0.021801,            0.004324,            0.004324,            0.004324
                 174,            0.036339,            0.029087,           0.0068475,             0.66002,             0.50228,             0.48926,             0.25612,            0.052146,              0.0401,            0.020572,            0.004291,            0.004291,            0.004291
                 175,            0.036144,            0.027156,            0.007215,             0.76548,             0.48446,             0.51587,             0.29053,            0.051232,            0.039401,            0.023811,            0.004258,            0.004258,            0.004258
                 176,            0.036277,            0.028355,           0.0078748,             0.55954,             0.57463,              0.5275,             0.29034,            0.051427,            0.039426,            0.018444,            0.004225,            0.004225,            0.004225
                 177,            0.036464,            0.027941,           0.0075556,             0.71163,             0.45611,             0.54708,             0.30021,            0.049711,            0.038612,            0.020348,            0.004192,            0.004192,            0.004192
                 178,            0.035388,            0.028783,           0.0074375,             0.75209,             0.43929,             0.52762,             0.30112,            0.050903,            0.040489,            0.022069,            0.004159,            0.004159,            0.004159
                 179,            0.036348,            0.028082,           0.0078928,              0.6674,             0.42936,             0.46579,             0.25919,            0.054804,            0.041313,            0.023441,            0.004126,            0.004126,            0.004126
                 180,            0.035366,            0.026552,           0.0073382,             0.65105,              0.4797,             0.50022,              0.2742,            0.053075,            0.039815,            0.021811,            0.004093,            0.004093,            0.004093
                 181,            0.036436,            0.027887,           0.0077181,             0.51389,             0.40527,             0.42877,             0.25047,            0.056086,             0.04423,            0.022781,             0.00406,             0.00406,             0.00406
                 182,             0.03521,            0.027198,           0.0075445,             0.69386,             0.47923,             0.51857,             0.27624,            0.051426,            0.038902,            0.020765,            0.004027,            0.004027,            0.004027
                 183,            0.034929,            0.028394,           0.0076577,              0.7673,             0.47038,             0.54886,             0.29051,            0.050535,            0.039902,             0.01887,            0.003994,            0.003994,            0.003994
                 184,            0.034681,            0.026672,           0.0071151,             0.69768,             0.49962,             0.52737,             0.29097,            0.050698,            0.039998,            0.020436,            0.003961,            0.003961,            0.003961
                 185,             0.03481,            0.026813,           0.0072167,             0.42029,             0.53772,             0.49606,             0.28508,            0.049308,            0.039027,            0.019925,            0.003928,            0.003928,            0.003928
                 186,            0.033857,            0.026295,           0.0073619,             0.49789,              0.5642,             0.51397,             0.29381,            0.050513,            0.038961,            0.019198,            0.003895,            0.003895,            0.003895
                 187,            0.034199,            0.026719,           0.0067683,             0.70181,             0.47012,             0.51424,             0.26854,             0.05144,            0.039886,            0.018563,            0.003862,            0.003862,            0.003862
                 188,            0.034514,            0.028727,           0.0066539,             0.72405,             0.48044,             0.51812,             0.26991,            0.052833,            0.039978,            0.019432,            0.003829,            0.003829,            0.003829
                 189,            0.035077,            0.027478,           0.0071818,             0.72101,             0.48704,              0.5096,             0.25769,            0.051469,            0.039233,            0.019997,            0.003796,            0.003796,            0.003796
                 190,            0.034327,            0.026781,           0.0065796,             0.69185,             0.46988,              0.4816,              0.2568,            0.052656,            0.039881,            0.024264,            0.003763,            0.003763,            0.003763
                 191,            0.034318,            0.026056,           0.0069307,             0.70011,             0.50404,             0.52546,             0.27989,            0.050055,            0.039118,            0.017764,             0.00373,             0.00373,             0.00373
                 192,            0.034284,             0.02721,           0.0076635,             0.46805,             0.49096,             0.47214,              0.2591,            0.050354,            0.040525,            0.017783,            0.003697,            0.003697,            0.003697
                 193,            0.033961,            0.027385,           0.0069625,             0.47663,             0.49338,             0.43776,             0.26013,            0.052885,            0.043943,            0.021353,            0.003664,            0.003664,            0.003664
                 194,             0.03371,             0.02668,           0.0068197,             0.68954,             0.47347,             0.51699,              0.2828,            0.050292,            0.039846,            0.018355,            0.003631,            0.003631,            0.003631
                 195,            0.033754,            0.026371,            0.006774,             0.53901,             0.55588,             0.52217,             0.27469,            0.051013,              0.0398,             0.01927,            0.003598,            0.003598,            0.003598
                 196,            0.033292,            0.025873,           0.0058358,             0.47305,             0.56322,              0.5124,             0.27802,            0.051635,            0.041105,            0.019336,            0.003565,            0.003565,            0.003565
                 197,            0.033818,             0.02652,           0.0067301,             0.52229,              0.4896,             0.49593,             0.26902,             0.05168,            0.041102,            0.021075,            0.003532,            0.003532,            0.003532
                 198,            0.033332,            0.027398,           0.0061448,             0.51447,             0.48903,             0.49673,             0.27732,            0.050996,            0.040489,            0.021483,            0.003499,            0.003499,            0.003499
                 199,            0.032891,            0.025701,             0.00614,             0.73313,             0.46064,             0.52378,             0.29183,            0.051226,            0.040423,            0.020462,            0.003466,            0.003466,            0.003466
                 200,            0.033269,            0.026772,           0.0071666,             0.73185,             0.45811,             0.52107,             0.28608,            0.049801,            0.039759,            0.020204,            0.003433,            0.003433,            0.003433
                 201,            0.033204,            0.026191,           0.0059616,             0.55198,             0.48165,             0.52028,             0.27731,            0.051266,            0.039579,            0.021863,              0.0034,              0.0034,              0.0034
                 202,             0.03279,            0.025573,           0.0061131,             0.63147,             0.50865,             0.51052,             0.27153,            0.050446,            0.040825,            0.020659,            0.003367,            0.003367,            0.003367
                 203,            0.033072,            0.025627,           0.0063611,              0.6826,             0.47159,             0.52562,             0.28559,            0.051454,            0.040911,            0.020567,            0.003334,            0.003334,            0.003334
                 204,            0.033373,            0.026802,           0.0062793,             0.67322,             0.44726,             0.46526,             0.24279,            0.053412,            0.044411,            0.019931,            0.003301,            0.003301,            0.003301
                 205,            0.032829,            0.026035,           0.0063423,             0.71534,             0.44426,              0.4972,             0.27505,            0.050009,            0.040718,            0.018166,            0.003268,            0.003268,            0.003268
                 206,            0.032881,            0.026117,           0.0063522,             0.65718,              0.5068,             0.52013,             0.26536,            0.049567,            0.039579,            0.017529,            0.003235,            0.003235,            0.003235
                 207,            0.032554,            0.025172,           0.0065254,             0.45007,             0.59612,             0.54364,             0.27627,            0.050444,            0.039706,            0.019165,            0.003202,            0.003202,            0.003202
                 208,            0.032227,            0.026551,           0.0059692,             0.49548,             0.58798,             0.54064,              0.2893,            0.050549,            0.041046,            0.020172,            0.003169,            0.003169,            0.003169
                 209,            0.032021,            0.025642,            0.006512,              0.5374,               0.596,             0.56551,             0.29213,            0.050041,            0.041527,            0.017227,            0.003136,            0.003136,            0.003136
                 210,            0.031653,             0.02587,           0.0058497,             0.69865,             0.47494,             0.50944,             0.27964,            0.050682,            0.041534,            0.018375,            0.003103,            0.003103,            0.003103
                 211,            0.031726,            0.024215,           0.0066202,             0.55629,             0.54314,             0.52695,             0.29524,            0.049576,            0.040283,            0.016403,             0.00307,             0.00307,             0.00307
                 212,            0.032409,            0.026204,           0.0058391,             0.53791,             0.56753,             0.57401,             0.31409,            0.049984,            0.039335,            0.019902,            0.003037,            0.003037,            0.003037
                 213,            0.032462,            0.027009,           0.0061816,             0.75518,             0.48293,             0.53649,             0.30239,            0.050092,             0.04084,            0.019267,            0.003004,            0.003004,            0.003004
                 214,            0.031874,            0.025961,           0.0066368,             0.48776,             0.59302,              0.5343,             0.28828,            0.049907,            0.042226,            0.021627,            0.002971,            0.002971,            0.002971
                 215,            0.031457,            0.024725,           0.0057856,              0.4922,             0.57987,             0.53374,             0.28731,            0.049752,            0.041283,            0.022184,            0.002938,            0.002938,            0.002938
                 216,            0.031381,            0.024577,           0.0059491,              0.5132,             0.56001,             0.52852,             0.27519,            0.050435,            0.040685,            0.020388,            0.002905,            0.002905,            0.002905
                 217,            0.032117,            0.024887,             0.00671,             0.53286,             0.51375,              0.4934,             0.25917,            0.051756,            0.040802,            0.022162,            0.002872,            0.002872,            0.002872
                 218,            0.031325,            0.025164,           0.0062664,             0.52501,             0.49685,             0.52722,             0.29005,            0.051008,             0.03992,             0.02008,            0.002839,            0.002839,            0.002839
                 219,            0.031049,            0.025369,           0.0062839,             0.45924,             0.51756,             0.49035,             0.27532,            0.051699,            0.042183,            0.021403,            0.002806,            0.002806,            0.002806
                 220,             0.03147,            0.025055,           0.0055188,             0.66012,             0.53387,             0.54353,             0.28678,            0.051487,            0.039434,            0.020988,            0.002773,            0.002773,            0.002773
                 221,            0.031288,             0.02506,           0.0065047,             0.53381,              0.5594,             0.50932,             0.27509,            0.050716,            0.042277,            0.020921,             0.00274,             0.00274,             0.00274
                 222,            0.030584,            0.024943,           0.0051867,              0.7126,             0.45925,             0.50515,             0.27892,            0.050749,             0.04083,            0.019331,            0.002707,            0.002707,            0.002707
                 223,            0.030133,            0.023802,           0.0058711,             0.66753,             0.49753,             0.50989,             0.26647,            0.050239,            0.041214,            0.019693,            0.002674,            0.002674,            0.002674
                 224,            0.030125,            0.025506,           0.0052949,             0.51299,             0.60636,              0.5694,              0.2952,            0.050196,            0.040726,            0.017701,            0.002641,            0.002641,            0.002641
                 225,            0.030581,            0.025057,           0.0057533,             0.45549,             0.61094,             0.51493,             0.27798,            0.050521,             0.04084,            0.018161,            0.002608,            0.002608,            0.002608
                 226,            0.030256,            0.023969,           0.0053156,             0.60568,             0.49434,             0.54139,             0.28961,            0.050426,            0.040466,            0.018601,            0.002575,            0.002575,            0.002575
                 227,            0.030441,            0.024366,           0.0055528,             0.62577,             0.50957,              0.5536,             0.28213,            0.049784,            0.041712,            0.017061,            0.002542,            0.002542,            0.002542
                 228,            0.030256,            0.025787,           0.0049903,             0.63618,             0.58166,             0.58027,               0.327,             0.04976,             0.04125,            0.020383,            0.002509,            0.002509,            0.002509
                 229,            0.029255,            0.023217,           0.0052129,             0.65999,             0.53735,             0.58221,             0.30795,            0.048935,            0.041069,            0.018344,            0.002476,            0.002476,            0.002476
                 230,             0.03002,            0.024034,           0.0058905,             0.50744,             0.52819,             0.52309,             0.27455,            0.050656,            0.042379,            0.017903,            0.002443,            0.002443,            0.002443
                 231,            0.029977,            0.024006,           0.0053912,             0.44557,             0.56495,             0.50796,             0.25756,            0.051224,            0.042458,            0.020361,             0.00241,             0.00241,             0.00241
                 232,            0.029501,            0.024437,           0.0050665,             0.56415,             0.53319,             0.53854,             0.28586,            0.050575,            0.041018,             0.01955,            0.002377,            0.002377,            0.002377
                 233,            0.029419,            0.023959,           0.0053165,             0.64017,              0.5078,             0.53286,             0.29853,            0.049951,            0.042394,            0.020667,            0.002344,            0.002344,            0.002344
                 234,            0.029482,            0.023546,           0.0055205,             0.57784,             0.52204,             0.53926,             0.30382,             0.05062,            0.043498,            0.020878,            0.002311,            0.002311,            0.002311
                 235,            0.030367,            0.024536,           0.0059412,             0.59161,              0.4965,             0.51669,             0.27793,            0.051153,            0.043976,            0.021366,            0.002278,            0.002278,            0.002278
                 236,            0.029697,            0.023232,           0.0051459,             0.48482,             0.55435,             0.51635,             0.28091,            0.051219,              0.0435,             0.02036,            0.002245,            0.002245,            0.002245
                 237,            0.029774,            0.023869,           0.0049914,             0.72641,             0.46293,             0.54351,             0.28128,            0.052164,            0.040802,            0.022087,            0.002212,            0.002212,            0.002212
                 238,            0.029331,            0.024188,           0.0051238,             0.44423,             0.58672,             0.52368,              0.2888,            0.049845,            0.042559,            0.020923,            0.002179,            0.002179,            0.002179
                 239,            0.029313,            0.023945,           0.0050058,             0.60082,             0.45325,             0.52455,             0.28607,             0.05083,            0.042735,            0.022063,            0.002146,            0.002146,            0.002146
                 240,            0.028713,             0.02514,            0.004988,             0.55416,             0.52402,             0.51836,             0.29857,            0.051108,            0.043437,            0.020532,            0.002113,            0.002113,            0.002113
                 241,            0.028647,            0.023122,           0.0049799,             0.52263,             0.56819,             0.52992,             0.28438,            0.050712,            0.041527,            0.020099,             0.00208,             0.00208,             0.00208
                 242,            0.028957,             0.02297,           0.0051967,             0.72405,             0.46699,             0.52543,             0.28917,            0.051096,            0.042386,            0.018573,            0.002047,            0.002047,            0.002047
                 243,            0.028186,            0.023244,           0.0051173,             0.51116,             0.59006,             0.52557,             0.29343,            0.050624,            0.042084,            0.020062,            0.002014,            0.002014,            0.002014
                 244,             0.02885,            0.023838,           0.0053232,              0.5276,             0.54549,             0.51464,             0.28882,            0.050836,            0.042417,             0.02031,            0.001981,            0.001981,            0.001981
                 245,            0.028678,            0.022655,           0.0055219,             0.65228,              0.5257,             0.54805,             0.30199,             0.05082,            0.039625,               0.019,            0.001948,            0.001948,            0.001948
                 246,            0.028638,              0.0229,           0.0051186,              0.5306,             0.55646,             0.52312,             0.28507,            0.049484,            0.042862,            0.020109,            0.001915,            0.001915,            0.001915
                 247,            0.028857,            0.023426,           0.0053688,             0.50904,             0.56476,             0.51666,             0.28188,            0.049007,             0.04305,            0.021495,            0.001882,            0.001882,            0.001882
                 248,             0.02763,            0.022794,           0.0048808,             0.51742,             0.50231,             0.52764,             0.27636,            0.049435,            0.043154,            0.019619,            0.001849,            0.001849,            0.001849
                 249,            0.028304,            0.022847,            0.005226,             0.61019,              0.5336,             0.53086,             0.29118,             0.04941,            0.042514,            0.018442,            0.001816,            0.001816,            0.001816
                 250,            0.027611,            0.023001,           0.0048462,             0.58524,             0.56822,             0.57674,             0.31755,            0.049511,            0.043711,            0.020469,            0.001783,            0.001783,            0.001783
                 251,            0.027721,            0.022656,            0.005017,             0.63105,             0.50294,             0.56801,             0.31822,            0.049825,            0.042918,             0.01983,             0.00175,             0.00175,             0.00175
                 252,            0.027027,            0.022232,           0.0047966,             0.65133,             0.51336,             0.53392,             0.28852,            0.050223,            0.042325,            0.019611,            0.001717,            0.001717,            0.001717
                 253,            0.027954,            0.022821,           0.0050705,              0.5956,             0.50457,             0.54309,             0.29391,            0.050645,            0.041837,            0.018474,            0.001684,            0.001684,            0.001684
                 254,            0.027517,            0.022963,           0.0048706,             0.62045,             0.49729,             0.54316,             0.30233,            0.050741,            0.042763,            0.020589,            0.001651,            0.001651,            0.001651
                 255,            0.027386,            0.022025,           0.0045124,             0.73507,             0.48332,             0.54248,             0.28395,            0.050431,            0.042254,                0.02,            0.001618,            0.001618,            0.001618
                 256,            0.027213,            0.023486,           0.0045411,             0.66396,             0.49776,             0.53397,             0.28332,            0.049628,            0.042788,            0.018656,            0.001585,            0.001585,            0.001585
                 257,            0.027318,            0.023447,           0.0050362,             0.67501,             0.49314,             0.52399,             0.27592,              0.0501,            0.044103,            0.019759,            0.001552,            0.001552,            0.001552
                 258,            0.026699,            0.021525,           0.0040885,             0.47252,             0.63032,             0.56249,              0.2966,            0.049768,            0.043528,             0.01928,            0.001519,            0.001519,            0.001519
                 259,            0.026884,            0.022399,           0.0049869,             0.49679,             0.61403,             0.54959,             0.28935,             0.04985,            0.042768,            0.018488,            0.001486,            0.001486,            0.001486
                 260,            0.027018,            0.022241,            0.004455,             0.50418,             0.62766,             0.54715,             0.28418,            0.049699,            0.043404,             0.02006,            0.001453,            0.001453,            0.001453
                 261,            0.027113,            0.022859,           0.0047525,             0.64991,             0.52027,             0.53916,             0.29825,            0.050296,            0.044505,              0.0207,             0.00142,             0.00142,             0.00142
                 262,            0.026931,            0.022934,           0.0042915,              0.6676,             0.52448,             0.56286,              0.3035,            0.049972,            0.043505,            0.021558,            0.001387,            0.001387,            0.001387
                 263,             0.02692,             0.02198,           0.0046546,             0.59782,             0.55953,             0.54739,              0.2944,            0.049674,            0.042712,            0.021231,            0.001354,            0.001354,            0.001354
                 264,            0.026542,            0.022432,           0.0048813,             0.59087,             0.53105,             0.54385,             0.30039,            0.049681,            0.043322,            0.021549,            0.001321,            0.001321,            0.001321
                 265,             0.02674,            0.022213,           0.0047632,             0.65692,             0.53255,             0.56759,              0.3084,            0.049998,            0.043254,             0.02062,            0.001288,            0.001288,            0.001288
                 266,            0.026337,            0.022392,           0.0041578,             0.71637,             0.48315,             0.55237,             0.28983,            0.049422,            0.043592,            0.021051,            0.001255,            0.001255,            0.001255
                 267,            0.027189,            0.022574,           0.0046383,             0.49613,             0.61963,             0.56752,             0.27784,            0.049927,            0.043536,            0.020737,            0.001222,            0.001222,            0.001222
                 268,            0.026356,            0.022498,           0.0044382,             0.55742,              0.4796,             0.54209,             0.27158,            0.049692,            0.044116,            0.020624,            0.001189,            0.001189,            0.001189
                 269,            0.027156,            0.021885,           0.0051585,             0.43802,              0.6342,             0.52855,             0.28758,            0.050557,             0.04351,            0.020498,            0.001156,            0.001156,            0.001156
                 270,            0.026569,            0.022208,           0.0046341,             0.45085,             0.54497,             0.52104,             0.29488,            0.049907,            0.043271,            0.019889,            0.001123,            0.001123,            0.001123
                 271,             0.02597,            0.021316,            0.004673,             0.77133,             0.47462,             0.53333,             0.29302,            0.049993,            0.043961,            0.019334,             0.00109,             0.00109,             0.00109
                 272,            0.026414,             0.02242,           0.0047693,             0.54869,             0.55141,             0.54557,             0.29626,            0.049986,            0.043533,            0.019554,            0.001057,            0.001057,            0.001057
                 273,            0.025635,            0.020893,           0.0045578,             0.61286,             0.56863,             0.55582,             0.30378,            0.049483,            0.042704,            0.019143,            0.001024,            0.001024,            0.001024
                 274,            0.025948,            0.021677,            0.004068,             0.57156,             0.60153,             0.56802,             0.29433,            0.049505,            0.042117,            0.018449,            0.000991,            0.000991,            0.000991
                 275,            0.025803,            0.021989,           0.0041473,              0.5979,             0.57011,             0.56211,             0.28882,            0.050014,            0.042068,            0.019105,            0.000958,            0.000958,            0.000958
                 276,            0.025698,            0.021619,           0.0046041,             0.62655,             0.57255,             0.56799,             0.31387,            0.049259,            0.043945,            0.019305,            0.000925,            0.000925,            0.000925
                 277,            0.025812,            0.021966,            0.004699,             0.48013,             0.58388,             0.53441,             0.29319,             0.04942,            0.044228,            0.019053,            0.000892,            0.000892,            0.000892
                 278,            0.025281,            0.021204,           0.0042995,             0.49147,             0.54015,              0.5318,             0.29856,            0.049616,            0.044487,            0.019664,            0.000859,            0.000859,            0.000859
                 279,            0.025866,            0.022159,           0.0046851,             0.49868,             0.63751,             0.57265,             0.30946,            0.049507,            0.042781,            0.019207,            0.000826,            0.000826,            0.000826
                 280,            0.025911,            0.021628,           0.0040578,              0.4741,             0.62621,             0.55057,             0.29854,            0.049831,            0.043953,            0.021296,            0.000793,            0.000793,            0.000793
                 281,            0.025428,            0.021784,            0.004402,             0.58925,             0.50848,             0.53769,             0.30119,            0.049406,            0.042981,            0.022486,             0.00076,             0.00076,             0.00076
                 282,            0.025445,            0.020576,           0.0045103,                0.49,             0.60341,             0.52538,             0.29926,            0.050916,            0.044645,            0.022152,            0.000727,            0.000727,            0.000727
                 283,            0.024826,            0.020565,           0.0043165,             0.49474,             0.60539,             0.54101,             0.29781,            0.050181,            0.042559,             0.01953,            0.000694,            0.000694,            0.000694
                 284,            0.024856,            0.021196,           0.0040222,              0.5063,             0.61296,             0.54059,             0.29303,            0.050159,            0.043149,            0.020752,            0.000661,            0.000661,            0.000661
                 285,            0.025244,            0.021393,           0.0045223,              0.5828,             0.54686,             0.52774,             0.30273,            0.050738,            0.044121,             0.02118,            0.000628,            0.000628,            0.000628
                 286,            0.025172,            0.022177,            0.004277,             0.59389,             0.55059,             0.54492,             0.31093,            0.049756,            0.043719,            0.019686,            0.000595,            0.000595,            0.000595
                 287,            0.025288,            0.021844,           0.0044659,             0.57234,             0.56172,             0.55956,             0.30307,            0.049304,            0.044154,            0.019317,            0.000562,            0.000562,            0.000562
                 288,            0.024995,             0.02063,           0.0042764,             0.56698,             0.55366,             0.55655,             0.29914,            0.049721,            0.043925,            0.019465,            0.000529,            0.000529,            0.000529
                 289,             0.02528,             0.02084,           0.0045287,             0.54726,             0.56449,             0.54973,             0.28916,            0.049665,            0.043902,            0.018974,            0.000496,            0.000496,            0.000496
                 290,            0.024729,             0.02166,            0.004125,              0.4864,             0.60649,             0.55087,             0.29966,             0.04911,            0.043297,            0.018598,            0.000463,            0.000463,            0.000463
                 291,            0.025017,            0.020562,           0.0044262,             0.47497,             0.60552,             0.54798,             0.29823,            0.049498,            0.043434,            0.019441,             0.00043,             0.00043,             0.00043
                 292,            0.025226,            0.021781,           0.0046462,             0.50037,             0.63464,             0.55427,             0.29628,            0.049638,            0.043915,            0.019962,            0.000397,            0.000397,            0.000397
                 293,            0.025023,            0.021498,           0.0041572,             0.50968,             0.57974,             0.53924,             0.29108,            0.049579,            0.043836,             0.02022,            0.000364,            0.000364,            0.000364
                 294,            0.024064,            0.020089,           0.0038592,             0.48877,              0.6131,             0.53695,             0.29523,            0.049739,            0.043775,            0.020168,            0.000331,            0.000331,            0.000331
                 295,             0.02416,            0.020284,           0.0043041,             0.56716,             0.53418,             0.55266,             0.30601,            0.049732,            0.043681,            0.019941,            0.000298,            0.000298,            0.000298
                 296,            0.025176,             0.02101,           0.0044701,             0.52153,             0.57957,             0.55422,              0.3022,            0.049547,            0.044083,            0.019579,            0.000265,            0.000265,            0.000265
                 297,             0.02395,             0.02056,             0.00403,             0.59354,              0.5502,             0.57153,             0.31377,            0.049722,            0.043752,            0.018892,            0.000232,            0.000232,            0.000232
                 298,            0.024453,            0.020835,           0.0040377,             0.60864,             0.54666,             0.56534,             0.30592,            0.049549,            0.044289,            0.019747,            0.000199,            0.000199,            0.000199
                 299,            0.024815,            0.019877,           0.0042821,             0.59963,             0.53944,             0.55463,             0.30471,            0.049814,            0.044553,            0.020371,            0.000166,            0.000166,            0.000166
